id,keyword
1,Song fri1
2,Ball concern r2
3,Strategy along final home seat3
4,Responsibility police4
5,Citizen 5
6,Action6
7,Medical my prese7
8,Find 8
9,Protect question his behav9
10,Establish posi10
11,Enter she physica11
12,Must control 12
13,Force fut13
14,Ball f14
15,Our develop great person ap15
16,Bring animal require for16
17,Oil town what17
18,Near subject send half wrong 18
19,Cultural fall night respon19
20,Create hun20
21,Woman agreement offer 21
22,Many cam22
23,Husband great for23
24,That hope enough s24
25,This marriage something t25
26,Somebody audience rock take. 26
27,Center able med27
28,Meet anyone another a28
29,Consider allow aut29
30,Nor finis30
31,A authority finish31
32,Right life above picture 32
33,Stage own br33
34,Hit until case bot34
35,Treatment35
36,Serious minute no sin36
37,Especially37
38,Only investment fa38
39,Industry court son c39
40,Sit community cost.40
41,Less hundred improve 41
42,Staff42
43,Recent edge table43
44,Expert term old cover n44
45,Any kind work cold. Discuss45
46,Food hour better house game46
47,Service ed47
48,Lay write area build admit. 48
49,Teacher book push pro49
50,Couple ma50
51,Many central glass wait perfor51
52,Election cost available. Repo52
53,Talk future interest53
54,Security sudden54
55,Then a55
56,Second item true water anima56
57,Fall fund centur57
58,Cell once vi58
59,Former hit cut drug e59
60,Radio turn because mission60
61,Bag single population61
62,Local mode62
63,Building know natural c63
64,Collection maintain term colo64
65,Staff war why65
66,Without not poli66
67,Series write herself good comm67
68,Result laugh court68
69,By exactly69
70,Week direction mother. Fear70
71,Cell sell summer data own.
Wh71
72,Hear military two pi72
73,Majority nice near ha73
74,So class share 74
75,Mission themselves enjoy75
76,Daught76
77,Serious 77
78,Figure center 78
79,The on truth ma79
80,Maintain pass o80
81,Deal child81
82,Sign m82
83,Note sense rece83
84,Long explain sense ch84
85,While always or f85
86,Ground86
87,Summer tree back my entire cen87
88,Moment88
89,Wind allow gu89
90,Performance pretty image 90
91,Tonight measure interestin91
92,Dark nor significant cla92
93,Current93
94,Avoid stock bar. Lau94
95,Face question certain likel95
96,Huge and morning less compan96
97,Foot series religious97
98,Office method pattern st98
99,Hard culture bank official99
100,Itself wes100
